{
  "firefox": {
    "title": "Firefox",
    "resources": { "ram": "1G", "cores": "1.25" },
    "image": "ghcr.io/deblok-workshop/deblokdocker/firefox:latest",
    "port": "6080"
  },
  "chromium": {
    "title": "Chromium",
    "resources": { "ram": "1G", "cores": "1.25" },
    "image": "ghcr.io/deblok-workshop/deblokdocker/chromium:latest",
    "port": "6080"
  },
  "ubuntu-xfce": {
    "title": "Ubuntu XFCE",
    "resources": { "ram": "2560M", "cores": "1.25" },
    "image": "ghcr.io/deblok-workshop/deblokdocker/ubuntu-xfce:latest",
    "port": "6080"
  },
  "debian-xfce": {
    "title": "Debian XFCE",
    "resources": { "ram": "2560M", "cores": "1.25" },
    "image": "ghcr.io/deblok-workshop/deblokdocker/debian-xfce:latest",
    "port": "6080"
  },
  "debian-base": {
    "title": "Debian Terminal",
    "resources": { "ram": "1G", "cores": "1.25" },
    "image": "ghcr.io/deblok-workshop/deblokdocker/debian-base:latest",
    "port": "6080"
  },
  "ubuntu-base": {
    "title": "Ubuntu Terminal",
    "resources": { "ram": "1G", "cores": "1.25" },
    "image": "ghcr.io/deblok-workshop/deblokdocker/ubuntu-base:latest",
    "port": "6080"
  },

  "fedora-base": {
    "title": "Fedora Terminal",
    "resources": { "ram": "1G", "cores": "1.25" },
    "image": "ghcr.io/deblok-workshop/deblokdocker/fedora-base:latest",
    "port": "6080"
  }
}
